<?xml version="1.0" encoding="UTF-8"?>
<project-private xmlns="http://www.netbeans.org/ns/project-private/1">
    <editor-bookmarks xmlns="http://www.netbeans.org/ns/editor-bookmarks/2" lastBookmarkId="0"/>
    <open-files xmlns="http://www.netbeans.org/ns/projectui-open-files/2">
        <group>
            <file>file:/C:/Users/Austin/Documents/NetBeansProjects/Oregon%20Trail/src/OregonTrail/Item.java</file>
            <file>file:/C:/Users/Austin/Documents/NetBeansProjects/Oregon%20Trail/src/item/OregonTrailItems.csv</file>
            <file>file:/C:/Users/Austin/Documents/NetBeansProjects/Oregon%20Trail/src/OregonTrail/PlayerUI.java</file>
            <file>file:/C:/Users/Austin/Documents/NetBeansProjects/Oregon%20Trail/src/OregonTrail/OregonTrail.java</file>
        </group>
    </open-files>
</project-private>
